,x
1, 채널 법인카드 사용 내역 조사에 기자들 반발하는 이유 
2, 대구 찾은 원희룡 임차인 피해 업체들 당연히 처벌해야 
3, 항생제가 간 재생 막아 왜 
4, 권영세 일 방일 韓 통일부 장관으로는 처음 日 외무성 초청 프로그램 참석차 
5, 제갈량이 꼽은 입지 中 유일하게 집값 오른 이곳 
6, 네이버 묶음 기사 제목 혐오표현 논란 인공지능 책임으로 돌리지 말아야 
7, 기업 찾은 노동장관 휴가 가야 실근로시간 줄어 
8, 美제재 비웃듯 틱톡 뺨치는 中캡컷 
9, 러 무희 우크라 무희 드가 작품명 변경 논란 
10, 유전 찾아라 석유公 남 서해도 탐사 
11, 젊은이 부족한 日 대졸 입도선매 
12, 상장땐 시총 조 올리브영 덕에 연일 신고가 
13, 눈치 보여서 얼굴노출 싫어서 해제 첫날 마스크 그대로 
14, 與 정순신 학폭 청문회에 정청래 아들도 같이 하자 물귀신 작전 
15, 전범 푸틴 껴안은 시진핑 우크라戰 무늬만 중재 가능성 
16, 은행 위기 미국 유럽 홍콩 번져   미 금리 월 이후도 관건 
17, 외교부 한일회담서 위안부 거론 논란에 정쟁화 바람직 않아 
18, 낙동강 대표적 외래종 대형 괴물쥐 뉴트리아 년 만에 급감했다 
19, 은행사태에 높아지는 동결 기대감 美금리선물 동결 가능성 
20, 尹 주 시간 이상 무리 라더니 그 이상도 가능 
21, 與 양곡법 의무매입 있는 한 협상 불가 野 일 처리 불변 
22, 김관영 전북이 먹고사는 일 무엇이든 할 것 특별자치도 총력 헤경이 만난 사람 
23, 개 프랑스 뮤지컬을 가득 담은 혜자 공연 디 오리지널 프렌치뮤지컬 갈라콘서트 양형모의 일일공프로젝트 
24, 뉴스큐 북 상공 전술핵 폭발 실험 서울 도심 노렸나 
25, 법 깡통주택을 걱정 없이 사는 방법 
26, 값싼 돼지고기 뒤 새끼돼지 내려쳐 죽이는 도태가 있다 헬프 애니멀 
27, 만원 로봇청소기 두 배 넘게 팔렸다 업계도 깜짝 정지은의 산업노트 
28, 배달로봇 상용화되나 지능형 로봇법 국회 첫 관문 통과 입법레이더 
29,기시다 히로시마 정상회의에 모디 총리 초청
30, 반갑다 산수유 
31, 정순신 변호사 자녀 학폭 청문회 열릴까 교육위 전체회의 
32, 목련이 필 때에
33,NA
34,NA
35,NA
36,NA
37,NA
38,NA
39,NA
40,NA
41,NA
42,NA
43,NA
44,NA
45,NA
46,NA
47,NA
48,NA
49,NA
50,NA
51,NA
52,NA
53,NA
54,NA
55,NA
56,NA
57,NA
58,NA
59,NA
